구글,http://www.google.co.kr
유튜브동영상다운,https://ko.savefrom.net/1-%EC%9C%A0%ED%8A%9C%EB%B8%8C-%EB%B9%84%EB%94%94%EC%98%A4-%EB%8B%A4%EC%9A%B4%EB%A1%9C%EB%93%9C-%ED%95%98%EB%8A%94-%EB%B0%A9%EB%B2%95.html
POOQ,http://www.pooq.co.kr
네이버,http://www.naver.com
국민은행,http://www.kbstar.com/
국세청?홈택스,http://www.hometax.go.kr/
신한은행,http://www.shinhan.com/
8퍼센트,http://8percent.kr
e-나라지표,http://www.index.go.kr
리디북스,http://www.ridibooks.com
페이스북,http://www.facebook.com/
대법원&nbsp;전자소송,http://ecfs.scourt.go.kr/
T?world,http://www.tworld.co.kr/
빗썸,http://www.bithumb.com
리멤버웹,https://rememberapp.co.kr/
WETAX,http://www.wetax.go.kr
Notion,http://www.notion.so/hanjokim
사회보험?통합징수?포털,http://si4n.nhis.or.kr/
하나은행,http://www.hanabank.com/
MyEtherW,https://www.myetherwallet.com/
케이뱅크,http://www.kbanknow.com
Live,http://www.live.com
중소기업진흥공단,http://www.sbc.or.kr/
HRD-Net,http://www.hrd.go.kr
팟빵,http://www.podbbang.com/
근로복지공단&nbsp;고용산재보험&nbsp;토탈서비스,http://total.kcomwel.or.kr/
SLR클럽,http://www.slrclub.com/
특허정보검색서비스,http://www.kipris.or.kr/
Kstartup,http://www.k-startup.go.kr
Brunch,http://brunch.co.kr
중기복지플랫폼,http://welfare.korcham.net
위메프,http://www.wemakeprice.com/
정부24,http://www.gov.kr
중소기업청,http://www.smba.go.kr/
Etherscn,https://etherscan.io
다나와,http://www.danawa.com/
CJ?ONE,http://www.cjone.com/
서초구도서관,http://www.seocholib.or.kr
스포츠서울?만화,http://www.sportsseoul.com/cartoon/
트위터,http://www.twitter.com/
YES24,http://www.yes24.com/
승승클럽,http://cafe.naver.com/svsclub
4대보험연계센터,http://www.4insure.or.kr
쿠팡,http://www.coupang.com/
네이트,http://www.nate.com
기업정보+,http://www.g4b.go.kr
행복스토어,http://kova.skhappystore.co.kr
KB국민카드,http://www.kbcard.com/
클럽넥스,http://www.clubnex.co.kr/
NH농협,http://banking.nonghyup.com/
QRcode,https://ko.qr-code-generator.com/
우리은행,http://www.wooribank.com/
엔젤투자지원센터,http://www.kban.or.kr
뉴스와이어,http://www.newswire.co.kr
페이원큐,https://pg1.payletter.com:999/Login/LoginFrm.asp
네이버?웹툰,http://comic.naver.com/webtoon/weekday.nhn
항공교육훈련포털,https://www.kaa.atims.kr/
펀샵,http://www.funshop.co.kr
Edwith,http://www.edwith.org
k비대면바우처,https://www.k-voucher.kr
Pres.go,http://www.presentationgo.com/
동부화재,http://www.idongbu.com/
인포그래픽스,http://info-graphics.kr/
네이트?만화,http://comics.nate.com/
GVC예약,https://www.k-startup.go.kr/home/bizCenter/fab/fabView.do?mid=30200&selectBizCenterFabTypeCode=office&searchLongPeriodAt=N&cid=407
환경산업연구단지,http://etechhive.or.kr
업비트,http://upbit.com
소득공제시스템,http://tax.kban.or.kr
법률신문,http://www.lawtimes.co.kr/
GS&POINT,http://www.gsnpoint.com/
관악구민도서관,http://lib.gwanak.go.kr
렌딧,http://lendit.co.kr
동영상줄이기,http://www.videosmaller.com/ko/
에누리닷컴,http://www.enuri.com/
알라딘,http://www.aladin.co.kr/
대한민국&nbsp;법원&nbsp;전자가족관계등록시스템,http://efamily.scourt.go.kr
Find?System,http://www.findsystem.co.kr
SGI서울보증,http://www.sgic.co.kr/
컴퓨존,http://www.compuzone.co.kr
금융정보포털파인,http://fine.fss.or.kr
디시인사이드,http://www.dcinside.com/
주주리걸,https://legal-app.zuzu.network/
기업마당,http://www.bizinfo.go.kr
기술정보진흥원,http://www.smtech.go.kr
신세계포인트,http://www.shinsegaepoint.com
MSO 365,https://portal.office.com
기업은행,http://www.ibk.co.kr/
smallPDF,http://www.smallpdf.com
신한카드,http://www.shinhancard.com/
Slack,http://www.slack.com
스투만화,http://stoo.asiae.co.kr/cartoon/
테라펀딩,http://www.terafunding.com
사이버연수원,http://ts2020.campus21.co.kr/
우리카드,http://www.wooricard.com
티켓몬스터,http://www.ticketmonster.co.kr/
서울시?ETAX,http://etax.seoul.go.kr/
국민연금보험ED,http://edi.nhis.or.kr/
PIXLR,https://pixlr.com/editor/
다음?만화속세상,http://cartoon.media.daum.net/
대법원?인터넷등기소,http://www.iros.go.kr/
아웃룩닷컴,http://www.outlook.com/
OK캐쉬백,http://www.okcashbag.com/
인프런,http://www.inflearn.com
IITP사업관리시스템,https://ezone.iitp.kr/
올레닷컴,http://www.olleh.com/
교보문고,http://www.kyobobook.co.kr/
프로야구,http://kbo.sports.afreeca.com/
토렌트TT,http://torrenttt.net
PASTE,http://pasteapp.com
통계청,http://www.kostat.go.kr/
알리익스프레스,http://www.aliexpress.com/
비즈콘,http://www.biz-con.co.kr
해피포인트,http://www.happypointcard.com/
다음,http://www.daum.net
현대캐피탈,http://www.hyundaicapital.com/
